subject,general white matter,general grey matter,general csf,cerebellum,brainstem,thalamus,putamen+pallidum,hippocampus+amygdala
28675_1_anat,0.8369,0.7688,0.8097,0.9141,0.8966,0.8578,0.9152,0.8835
28676_anat,0.8744,0.7679,0.8697,0.8838,0.8872,0.8997,0.9341,0.8796
28677_anat,0.8742,0.7587,0.8179,0.8990,0.8537,0.8774,0.9198,0.8929
28678_anat,0.8529,0.7679,0.8868,0.9063,0.8618,0.8790,0.9038,0.8573
28679_1_anat,0.8640,0.7848,0.7588,0.8679,0.8660,0.8772,0.9112,0.8881
28680_anat,0.8546,0.7729,0.8886,0.8698,0.8702,0.8800,0.8838,0.8777
28681_anat,0.8461,0.7740,0.8614,0.8703,0.8748,0.8768,0.9225,0.8767
28682_anat,0.8568,0.7735,0.7697,0.8628,0.8799,0.8775,0.9110,0.8760
28683_anat,0.8514,0.7911,0.8731,0.9152,0.8683,0.8640,0.9028,0.8676
28684_anat,0.8634,0.7748,0.8042,0.9134,0.8750,0.8625,0.9083,0.8777
28685_4_anat,0.8507,0.7746,0.7934,0.8700,0.8845,0.8960,0.9128,0.8769
28686_anat,0.8611,0.7786,0.7649,0.8806,0.8639,0.8655,0.9152,0.8748
28687_2_anat,0.8741,0.7732,0.7259,0.8940,0.8627,0.8626,0.9424,0.8931
28688_anat,0.8785,0.7733,0.7871,0.8765,0.8760,0.8756,0.9428,0.8987
28689_4_anat,0.8771,0.7665,0.8286,0.8808,0.8363,0.8762,0.9329,0.8821
28690_anat,0.8637,0.7738,0.7392,0.8786,0.8793,0.8596,0.9195,0.8782
28691_3_anat,0.8424,0.7683,0.8584,0.9008,0.9067,0.8675,0.9181,0.8692
28692_anat,0.8602,0.7744,0.8369,0.8813,0.8883,0.8770,0.9418,0.8870
28693_4_anat,0.8246,0.7161,0.8076,0.8820,0.8680,0.8585,0.8777,0.8563
28694_2_anat,0.8490,0.7684,0.7908,0.9050,0.8837,0.8732,0.9163,0.8781
28695_anat,0.8704,0.7629,0.7381,0.8982,0.8814,0.8867,0.9250,0.8922
28696_1_anat,0.8581,0.7660,0.7503,0.8983,0.8742,0.8750,0.9130,0.8855
28697_4_anat,0.8727,0.7748,0.7386,0.8774,0.8859,0.8746,0.9155,0.8895
28698_anat,0.8729,0.7854,0.8494,0.8977,0.8901,0.8698,0.9177,0.8798
28699_4_anat,0.8584,0.7821,0.8292,0.9012,0.8692,0.8729,0.9225,0.8686
28700_4_anat,0.8497,0.7724,0.8022,0.9087,0.8666,0.8494,0.9026,0.8569
28701_4_anat,0.8604,0.7706,0.6641,0.8805,0.8641,0.8465,0.9004,0.8759
28702_4_anat,0.8616,0.7719,0.7485,0.9100,0.8843,0.8609,0.9093,0.8759
28703_anat,0.8392,0.7608,0.7181,0.8814,0.8759,0.8473,0.9015,0.8650
28704_anat,0.8517,0.7447,0.8078,0.8937,0.8566,0.8644,0.9085,0.8595
28705_5_anat,0.8627,0.7863,0.7688,0.8947,0.8590,0.8785,0.9184,0.8920
28706_anat,0.8596,0.7841,0.7494,0.9018,0.8873,0.8496,0.9062,0.8942
28707_anat,0.8342,0.7627,0.8776,0.8835,0.8717,0.8824,0.8999,0.8865
28708_anat,0.8452,0.7872,0.7630,0.9267,0.9108,0.8789,0.9321,0.8792
28709_4_anat,0.8426,0.7636,0.7946,0.8927,0.8611,0.8737,0.9211,0.8734
28710_1_anat,0.8542,0.7650,0.8083,0.8800,0.8583,0.8821,0.9186,0.8761
28711_4_anat,0.8680,0.7727,0.7613,0.8908,0.8529,0.8718,0.9375,0.8887
28712_anat,0.8600,0.7707,0.8398,0.8655,0.8518,0.8910,0.9073,0.8875
28713_4_anat,0.8601,0.7699,0.7672,0.8829,0.8792,0.8785,0.9183,0.8829
28714_anat,0.8554,0.7768,0.7710,0.8911,0.8916,0.8651,0.9192,0.8764
28715_anat,0.8734,0.7728,0.7950,0.8846,0.8763,0.8791,0.9232,0.8829
28716_4_anat,0.8444,0.7591,0.6846,0.8692,0.8651,0.8554,0.9311,0.8737
28717_anat,0.8515,0.7723,0.8317,0.8882,0.8690,0.8585,0.9082,0.8721
28718_anat,0.8710,0.7697,0.7300,0.8650,0.8559,0.8640,0.9309,0.8913
28719_4_anat,0.8611,0.7656,0.7504,0.8617,0.8477,0.8676,0.9321,0.8812
28720_4_anat,0.8819,0.7802,0.8648,0.8955,0.9061,0.8913,0.9102,0.8905
28721_anat,0.8777,0.7732,0.7347,0.8750,0.8773,0.8800,0.8921,0.9027
28722_4_anat,0.8509,0.7799,0.7565,0.9042,0.8740,0.8770,0.9309,0.8739
28723_4_anat,0.8603,0.7650,0.7981,0.8833,0.8842,0.8846,0.9327,0.9009
28724_4_anat,0.8467,0.7718,0.7058,0.8854,0.8909,0.8667,0.9206,0.8624
28725_anat,0.8694,0.7682,0.8431,0.8594,0.8507,0.8730,0.9026,0.8687
28726_4_anat,0.8562,0.7817,0.8125,0.8801,0.8924,0.8669,0.8917,0.8786
28727_4_anat,0.8680,0.7651,0.7470,0.9057,0.8725,0.8642,0.9375,0.8903
28728_anat,0.8684,0.7760,0.8123,0.8604,0.8699,0.8722,0.9175,0.8852
28729_4_anat,0.8615,0.7682,0.7276,0.8949,0.8730,0.8642,0.9207,0.8802
28730_3_anat,0.8761,0.7869,0.7470,0.8877,0.8741,0.8581,0.8946,0.8779
28731_anat,0.8572,0.7765,0.7004,0.8972,0.8892,0.8608,0.9193,0.8801
28732_anat,0.8424,0.7774,0.7532,0.8976,0.8874,0.8678,0.9097,0.8592
28733_anat,0.8672,0.7770,0.7752,0.8977,0.8792,0.8802,0.9150,0.8849
28852_anat,0.8295,0.7857,0.6783,0.8872,0.8899,0.8488,0.9065,0.8732
28853_anat,0.8459,0.7781,0.7329,0.9012,0.8759,0.8540,0.9351,0.8664
28854_anat,0.8542,0.7760,0.8155,0.8879,0.8690,0.8715,0.8938,0.8761
28855_anat,0.8359,0.7735,0.8522,0.8751,0.8720,0.8777,0.9198,0.8560
28856_anat,0.8216,0.7655,0.7464,0.8960,0.8648,0.8562,0.9348,0.8479
28857_anat,0.8069,0.7571,0.6558,0.8793,0.8580,0.8284,0.9224,0.8231
28858_anat,0.8227,0.7567,0.6682,0.8774,0.8870,0.8351,0.9394,0.8602
28859_anat,0.8508,0.7635,0.7747,0.8901,0.8716,0.8614,0.9258,0.8713
28860_anat,0.8001,0.7508,0.7309,0.8588,0.8479,0.8281,0.8915,0.8327
28861_anat,0.8644,0.7853,0.8118,0.8683,0.8555,0.8600,0.9082,0.8734
28862_anat,0.8273,0.7591,0.7789,0.8981,0.8554,0.8628,0.8909,0.8540
28863_anat,0.8181,0.7313,0.8250,0.9047,0.8792,0.8717,0.8733,0.8369
28864_anat,0.8559,0.7688,0.7917,0.8622,0.8510,0.8591,0.8937,0.8562
28865_anat,0.8541,0.7668,0.7778,0.8952,0.8811,0.8647,0.9396,0.8622
28866_anat,0.8724,0.7852,0.7680,0.9088,0.8785,0.8617,0.9406,0.8893
28867_anat,0.8583,0.7769,0.7776,0.9105,0.8829,0.8561,0.9260,0.8611
28868_anat,0.8262,0.7799,0.8540,0.9002,0.8562,0.8612,0.9279,0.8553
28869_anat,0.8256,0.7507,0.6902,0.8867,0.8510,0.8257,0.9290,0.8516
28870_anat,0.8245,0.7621,0.6744,0.8818,0.8517,0.8102,0.8855,0.8620
28871_anat,0.8299,0.7545,0.6740,0.8824,0.8521,0.8442,0.9090,0.8557
28872_anat,0.8162,0.7528,0.9014,0.8596,0.8543,0.8677,0.8759,0.8057
28873_anat,0.8189,0.7520,0.7433,0.8943,0.8887,0.8530,0.9105,0.8583
28874_anat,0.8374,0.7479,0.7394,0.8933,0.8574,0.8571,0.9333,0.8744
28875_anat,0.8168,0.7700,0.6796,0.9038,0.8631,0.8223,0.9147,0.8474
28876_anat,0.8458,0.7370,0.7911,0.8927,0.8700,0.8756,0.8901,0.8595
28877_anat,0.8284,0.7497,0.6789,0.8642,0.8452,0.8298,0.9283,0.8424
28878_anat,0.8406,0.7598,0.7462,0.8762,0.8668,0.8571,0.9074,0.8569
28879_anat,0.8541,0.8101,0.7623,0.8883,0.8834,0.8504,0.9328,0.8660
28880_anat,0.8238,0.7636,0.7280,0.8992,0.8629,0.8624,0.9060,0.8572
28881_anat,0.8506,0.7771,0.6994,0.8741,0.8458,0.8331,0.9135,0.8655
28882_anat,0.8406,0.7648,0.7231,0.9139,0.8727,0.8313,0.8939,0.8643
28883_anat,0.8156,0.7364,0.6936,0.8592,0.8638,0.8285,0.8900,0.8538
28884_anat,0.8476,0.7748,0.8095,0.8810,0.8685,0.8602,0.9142,0.8500
28885_anat,0.8592,0.7878,0.8927,0.8615,0.8509,0.8686,0.8849,0.8685
28886_anat,0.8624,0.7941,0.8512,0.9008,0.8906,0.8659,0.9176,0.8722
28887_anat,0.7985,0.7764,0.8929,0.8548,0.8574,0.8339,0.8893,0.8133
28888_anat,0.8545,0.7731,0.7797,0.8864,0.8672,0.8545,0.9118,0.8751
28889_anat,0.8486,0.7701,0.7417,0.8685,0.8426,0.8589,0.8995,0.8593
28890_anat,0.8194,0.7702,0.7426,0.9074,0.8711,0.8412,0.8740,0.8574
28891_anat,0.8511,0.7660,0.6802,0.9078,0.8517,0.8451,0.9233,0.8796
28892_anat,0.8544,0.7708,0.7444,0.8991,0.8876,0.8487,0.9144,0.8730
28893_anat,0.8540,0.7732,0.7843,0.8979,0.8566,0.8590,0.9058,0.8773
28894_anat,0.8243,0.7611,0.6877,0.8534,0.8406,0.8152,0.9054,0.8602
28895_anat,0.8299,0.7323,0.6959,0.8965,0.8593,0.8434,0.9060,0.8628
28896_anat,0.8398,0.7692,0.7021,0.8939,0.8615,0.8479,0.9420,0.8719
28897_anat,0.8404,0.7520,0.7085,0.8783,0.8540,0.8472,0.9108,0.8739
28898_anat,0.8161,0.7547,0.6901,0.8689,0.8357,0.8184,0.9080,0.8386
28899_anat,0.8306,0.7781,0.6744,0.9008,0.8867,0.8324,0.9225,0.8661
28900_anat,0.8402,0.7722,0.7293,0.8989,0.8717,0.8358,0.9231,0.8546
28901_anat,0.8292,0.7496,0.7287,0.8766,0.8814,0.8396,0.9184,0.8554
28902_anat,0.8507,0.7593,0.7596,0.8884,0.8685,0.8433,0.9068,0.8576
28903_anat,0.8202,0.7603,0.6524,0.8803,0.8559,0.8247,0.9106,0.8447
28904_anat,0.8327,0.7517,0.8567,0.8912,0.8769,0.8735,0.8973,0.8614
28905_anat,0.8357,0.7808,0.6830,0.8850,0.8632,0.8345,0.9096,0.8438
28906_anat,0.8502,0.7511,0.6872,0.9103,0.8625,0.8433,0.9038,0.8689
28907_anat,0.8432,0.7748,0.8389,0.8557,0.8812,0.8677,0.9220,0.8758
28908_anat,0.8463,0.7364,0.7684,0.8918,0.8445,0.8526,0.8944,0.8646
28909_anat,0.8226,0.7687,0.7790,0.8853,0.8549,0.8474,0.8935,0.8626
29006_anat,0.8624,0.7574,0.8766,0.8818,0.8568,0.8979,0.9099,0.8691
29007_anat,0.8670,0.7595,0.7779,0.8834,0.8639,0.8667,0.9122,0.8650
29008_anat,0.8682,0.7831,0.8821,0.8922,0.8938,0.8925,0.8989,0.8896
29009_anat,0.8610,0.7644,0.8528,0.8810,0.8733,0.8771,0.9054,0.8839
29010_anat,0.8686,0.7892,0.8626,0.9019,0.9043,0.8849,0.8974,0.9007
29011_anat,0.8752,0.7800,0.8299,0.8714,0.8895,0.8742,0.9261,0.8919
29012_anat,0.8531,0.7571,0.8396,0.8685,0.8676,0.8803,0.8847,0.8623
29013_anat,0.8654,0.7674,0.8845,0.8974,0.8700,0.8919,0.8722,0.8590
29014_anat,0.8467,0.7520,0.8838,0.8823,0.8957,0.8696,0.8634,0.8599
29015_anat,0.8780,0.7847,0.8302,0.9220,0.9192,0.8676,0.9214,0.8900
29016_anat,0.8831,0.7917,0.7984,0.9033,0.9180,0.8687,0.9273,0.9067
29017_anat,0.8446,0.7256,0.9488,0.8538,0.8548,0.8576,0.8793,0.8537
29018_anat,0.8283,0.7525,0.8165,0.9282,0.8995,0.8495,0.8660,0.8680
29019_anat,0.8755,0.7743,0.7924,0.8542,0.8828,0.8554,0.9348,0.8967
29020_anat,0.8723,0.7996,0.8360,0.9124,0.9171,0.8808,0.9213,0.8968
29021_anat,0.8730,0.7587,0.9109,0.8848,0.8573,0.8948,0.8858,0.8650
29022_anat,0.8548,0.7782,0.8048,0.9023,0.9029,0.8672,0.9159,0.8952
29023_anat,0.7784,0.7012,0.8221,0.9564,0.8677,0.7995,0.8193,0.8215
29024_anat,0.8583,0.7556,0.8776,0.9178,0.8889,0.8579,0.8705,0.8524
29025_anat,0.8694,0.7768,0.9042,0.8998,0.9004,0.8782,0.9078,0.8809
29026_anat,0.8733,0.8028,0.8858,0.8840,0.9083,0.8825,0.9340,0.8972
29027_anat,0.8749,0.7918,0.8579,0.8887,0.9122,0.8783,0.9195,0.8988
29028_anat,0.8749,0.8004,0.8069,0.8563,0.8665,0.8800,0.9454,0.8866
29029_anat,0.8655,0.7933,0.7684,0.8634,0.8623,0.8633,0.9396,0.8806
29030_anat,0.8576,0.8026,0.8383,0.8874,0.9065,0.8728,0.9386,0.8893
29031_anat,0.8829,0.8101,0.8532,0.8916,0.8937,0.8751,0.9103,0.8831
29032_anat,0.8844,0.7964,0.7479,0.8696,0.8961,0.8614,0.9354,0.9232
29033_anat,0.8786,0.7905,0.8270,0.9035,0.8959,0.8606,0.9231,0.8960
29034_anat,0.8915,0.8157,0.7417,0.8731,0.9105,0.8591,0.9306,0.9125
29035_anat,0.8613,0.7930,0.8288,0.9116,0.8927,0.8784,0.8788,0.8669
29036_anat,0.8426,0.7595,0.8310,0.9107,0.8778,0.8553,0.8720,0.8542
29037_anat,0.8181,0.7625,0.8526,0.9087,0.8818,0.8640,0.8483,0.8569
29038_anat,0.8537,0.7955,0.8597,0.9678,0.9311,0.8482,0.8500,0.8502
29039_anat,0.8349,0.7977,0.6789,0.9386,0.8697,0.8428,0.8686,0.8609
29040_anat,0.8782,0.7964,0.8629,0.8782,0.8939,0.8952,0.9545,0.9115
29041_anat,0.8832,0.7905,0.8885,0.8861,0.8808,0.8854,0.9202,0.8974
29042_anat,0.8801,0.7831,0.7355,0.9127,0.8815,0.8734,0.9416,0.8833
29043_anat,0.8888,0.7868,0.8127,0.8966,0.8849,0.8767,0.9467,0.9029
29044_anat,0.8466,0.7887,0.8059,0.9095,0.8980,0.8836,0.9048,0.8784
29045_anat,0.8538,0.7554,0.8406,0.8749,0.8719,0.8614,0.9327,0.8919
29046_anat,0.8466,0.7782,0.7191,0.9207,0.8532,0.8524,0.9013,0.8402
29047_anat,0.8568,0.7394,0.7830,0.9066,0.8611,0.8533,0.8847,0.8562
29048_anat,0.8597,0.7720,0.8291,0.8958,0.9044,0.8946,0.8861,0.9002
29049_anat,0.8765,0.7924,0.7447,0.9022,0.9125,0.8846,0.9404,0.9173
29050_anat,0.8450,0.7772,0.7983,0.9027,0.8817,0.8700,0.8752,0.8723
29051_anat,0.8790,0.8067,0.7315,0.8685,0.8865,0.8602,0.9373,0.8989
29052_anat,0.8801,0.7899,0.8829,0.8890,0.8941,0.8801,0.9180,0.8918
29053_anat,0.8961,0.8170,0.8534,0.9004,0.9009,0.8808,0.9343,0.8990
29054_anat,0.9017,0.8129,0.7722,0.8949,0.8986,0.8949,0.9464,0.9170
29055_anat,0.8663,0.7905,0.8587,0.8962,0.8964,0.8916,0.9333,0.8856
29056_anat,0.8679,0.8057,0.8561,0.9117,0.9135,0.8718,0.9484,0.8910
29057_anat,0.8653,0.7858,0.7286,0.8906,0.9039,0.8620,0.9320,0.8896
29058_anat,0.8836,0.7996,0.8072,0.8895,0.8907,0.8541,0.9131,0.8954
29059_anat,0.8744,0.8044,0.7656,0.8948,0.8990,0.8611,0.9277,0.8882
29060_anat,0.8626,0.7983,0.7695,0.8953,0.9067,0.8603,0.9356,0.9019
29062_anat,0.6565,0.5771,0.4898,0.8080,0.8293,0.7049,0.7164,0.7684
29063_anat,0.8754,0.7970,0.6984,0.8718,0.8671,0.8438,0.9255,0.8796
29064_anat,0.8726,0.8078,0.7933,0.8797,0.8959,0.8751,0.9447,0.8931
29065_anat,0.8687,0.7951,0.7846,0.8768,0.8802,0.8590,0.9378,0.8976
29066_anat,0.9045,0.8057,0.7849,0.8834,0.8762,0.8503,0.9266,0.9043
29067_anat,0.7831,0.7187,0.5150,0.8599,0.8464,0.5406,0.7718,0.8032
29068_anat,0.8910,0.7995,0.7242,0.8813,0.8722,0.8675,0.9584,0.9155
29069_anat,0.8691,0.7933,0.7706,0.8525,0.8500,0.8381,0.9220,0.8674
29070_anat,0.8855,0.8048,0.8496,0.8590,0.9003,0.8887,0.9332,0.8984
29071_anat,0.8748,0.8039,0.7589,0.8762,0.8871,0.8604,0.9286,0.8819
29072_anat,0.8761,0.8105,0.7180,0.8914,0.8950,0.8588,0.9336,0.8973
29073_anat,0.8612,0.8154,0.6796,0.8802,0.8917,0.8410,0.9438,0.8922
29074_anat,0.8841,0.8137,0.7072,0.8771,0.8912,0.8507,0.9347,0.8885
29075_anat,0.8810,0.8091,0.8152,0.8828,0.8869,0.8643,0.9200,0.8857
29076_anat,0.8742,0.7909,0.8354,0.9012,0.9066,0.8712,0.9197,0.8789
29077_anat,0.8918,0.8153,0.7027,0.8896,0.8869,0.8517,0.9555,0.8984
29078_anat,0.8837,0.8096,0.6951,0.8830,0.8886,0.8541,0.9456,0.9129
29079_anat,0.8759,0.7839,0.8343,0.8821,0.8922,0.8734,0.9476,0.9005
29080_anat,0.8861,0.7986,0.7257,0.8672,0.8769,0.8550,0.9482,0.8936
29081_anat,0.8519,0.7945,0.7497,0.8592,0.8427,0.8515,0.9319,0.8732
29082_anat,0.8816,0.7935,0.7951,0.8780,0.8886,0.8704,0.9336,0.9074
29083_anat,0.9005,0.7919,0.7757,0.8696,0.9004,0.8649,0.9425,0.9078
29084_anat,0.8799,0.7995,0.8135,0.8944,0.8978,0.8876,0.9593,0.9190
29085_anat,0.8720,0.7803,0.7446,0.8901,0.8780,0.8613,0.9240,0.9024
29086_anat,0.8703,0.7792,0.7457,0.8770,0.9065,0.8574,0.9372,0.9050
29087_anat,0.9036,0.8109,0.7376,0.8647,0.8920,0.8565,0.9194,0.8843
29088_anat,0.8786,0.8035,0.7869,0.9066,0.9073,0.8795,0.9405,0.8984
29089_anat,0.8688,0.7865,0.7411,0.8875,0.8975,0.8384,0.9253,0.8930
29090_anat,0.8501,0.7788,0.8587,0.8971,0.9204,0.8684,0.9073,0.8821
29091_anat,0.8645,0.7906,0.8564,0.9185,0.9038,0.8738,0.9185,0.8644
29092_anat,0.8700,0.7982,0.7767,0.8991,0.8981,0.8655,0.9314,0.9045
29093_anat,0.8884,0.8148,0.7807,0.8923,0.8936,0.8681,0.9523,0.8950
29094_anat,0.8446,0.7919,0.7387,0.8934,0.8854,0.8509,0.9139,0.8889
29096_anat,0.8621,0.8103,0.8384,0.8906,0.8960,0.8723,0.9245,0.8767
29097_anat,0.8674,0.7797,0.7486,0.8521,0.8493,0.8585,0.9035,0.8571
29098_anat,0.8559,0.8031,0.7734,0.8766,0.8566,0.8437,0.9023,0.8570
29099_anat,0.8657,0.7844,0.7136,0.8745,0.8425,0.8499,0.9387,0.8668
29100_anat,0.8592,0.8041,0.8868,0.8966,0.8836,0.8582,0.8938,0.8526
29101_anat,0.8651,0.8162,0.7587,0.8690,0.8640,0.8368,0.9284,0.8781
29102_anat,0.8421,0.7720,0.8012,0.8892,0.8806,0.8384,0.9042,0.8410
29103_anat,0.8537,0.7701,0.7252,0.8611,0.8775,0.8541,0.9499,0.8744
29104_anat,0.8907,0.8001,0.7672,0.8656,0.8854,0.8853,0.9540,0.8884
29105_anat,0.8831,0.8133,0.7769,0.8762,0.8675,0.8623,0.9035,0.8747
29106_anat,0.8683,0.8066,0.8139,0.8649,0.8810,0.8738,0.9290,0.9086
29107_anat,0.8620,0.7908,0.6947,0.8905,0.9054,0.8651,0.9384,0.8951
29108_anat,0.8681,0.8087,0.8473,0.8806,0.9007,0.8639,0.9263,0.8784
29109_anat,0.8592,0.8068,0.7989,0.8876,0.8789,0.8728,0.9224,0.8617
29110_anat,0.8337,0.7749,0.7554,0.8849,0.8858,0.8600,0.9150,0.8610
29111_anat,0.8659,0.8006,0.8220,0.8687,0.8950,0.8801,0.9220,0.8744
29112_anat,0.8649,0.8140,0.7240,0.8778,0.8450,0.8348,0.8804,0.8666
29113_anat,0.8761,0.8281,0.8016,0.8917,0.8752,0.8815,0.9271,0.8707
29114_anat,0.8835,0.7991,0.7391,0.8985,0.8917,0.8486,0.9299,0.9044
29115_anat,0.8639,0.7927,0.8006,0.8607,0.8746,0.8601,0.9364,0.8983
29116_anat,0.8747,0.8013,0.8247,0.8754,0.8546,0.8543,0.9280,0.8906
29117_anat,0.8789,0.7965,0.6848,0.8585,0.8650,0.8332,0.9242,0.8785
29118_anat,0.8707,0.8095,0.7847,0.8936,0.8599,0.8513,0.9215,0.8632
29119_anat,0.8683,0.8044,0.6762,0.8884,0.8617,0.8297,0.9359,0.8680
29120_anat,0.8828,0.8071,0.8726,0.8782,0.8901,0.8718,0.9119,0.8808
29121_anat,0.8709,0.7861,0.7567,0.8643,0.8466,0.8566,0.9071,0.8487
29122_anat,0.8736,0.7921,0.7366,0.8610,0.8442,0.8438,0.8977,0.8677
29123_anat,0.8544,0.7955,0.8479,0.9012,0.8658,0.8492,0.9273,0.8582
29124_anat,0.8664,0.7955,0.7406,0.9078,0.8728,0.8310,0.9244,0.8691
29125_anat,0.8544,0.7970,0.7681,0.8861,0.9044,0.8370,0.9068,0.8487
29126_anat,0.8625,0.8138,0.8111,0.8797,0.8616,0.8579,0.9175,0.8394
29127_anat,0.8673,0.8002,0.8071,0.8752,0.8842,0.8689,0.9358,0.8749
29128_anat,0.8673,0.8046,0.8377,0.8741,0.8762,0.8682,0.9259,0.8737
29129_anat,0.8708,0.8006,0.7034,0.8505,0.8559,0.8420,0.9091,0.8708
29130_anat,0.8906,0.7940,0.7491,0.8823,0.8865,0.8698,0.9484,0.8995
29131_anat,0.8783,0.8023,0.7680,0.9029,0.8731,0.8593,0.9345,0.8853
29132_anat,0.8783,0.8074,0.7366,0.8333,0.8379,0.8440,0.9133,0.8604
29133_anat,0.8813,0.7906,0.8088,0.8832,0.8827,0.8785,0.9392,0.8918
29134_anat,0.8651,0.8114,0.7160,0.8955,0.8703,0.8411,0.9180,0.8647
29135_anat,0.8813,0.7989,0.8391,0.8788,0.8888,0.8706,0.9347,0.8613
29136_anat,0.8745,0.8078,0.8625,0.8867,0.9028,0.8659,0.9257,0.8791
29137_anat,0.8691,0.7966,0.8432,0.8594,0.8574,0.8559,0.9349,0.8587
29580_anat,0.8644,0.7798,0.8349,0.8746,0.8595,0.8714,0.9103,0.8859
29581_anat,0.8702,0.7701,0.7910,0.8790,0.8877,0.8824,0.9067,0.9012
29582_anat,0.8584,0.7663,0.7000,0.8634,0.8555,0.8541,0.9251,0.8924
29583_anat,0.8649,0.7676,0.8462,0.8763,0.8939,0.8705,0.9046,0.8838
29584_anat,0.8225,0.7582,0.7207,0.8793,0.8543,0.8381,0.9185,0.8452
29585_anat,0.8490,0.7594,0.8561,0.8847,0.8884,0.8765,0.9026,0.8729
29586_anat,0.8498,0.7667,0.7271,0.8731,0.8837,0.8433,0.9160,0.8896
29587_anat,0.8134,0.7519,0.6882,0.8853,0.8711,0.8442,0.9168,0.8523
29588_anat,0.8624,0.7865,0.7945,0.8853,0.8831,0.8693,0.9290,0.8822
29589_anat,0.8660,0.7633,0.8050,0.8977,0.8928,0.8904,0.9300,0.9075
29590_anat,0.8372,0.7655,0.8043,0.8658,0.8838,0.8636,0.9288,0.8785
29591_anat,0.7965,0.7631,0.7271,0.9038,0.8572,0.8193,0.8962,0.8350
29592_anat,0.8606,0.7821,0.8278,0.9082,0.8923,0.8852,0.8988,0.8879
29593_anat,0.8562,0.7559,0.8063,0.8976,0.8857,0.8663,0.9021,0.8795
29594_anat,0.8839,0.7904,0.7066,0.8707,0.9018,0.8640,0.9198,0.8946
29595_anat,0.8477,0.7617,0.7595,0.8697,0.8803,0.8683,0.9156,0.8771
29596_anat,0.8331,0.7679,0.7722,0.8749,0.8511,0.8412,0.8967,0.8512
29597_anat,0.8589,0.7820,0.7979,0.8909,0.8694,0.8511,0.9229,0.8957
29598_anat,0.8680,0.7807,0.8482,0.8923,0.8934,0.8863,0.9150,0.8795
29599_anat,0.8290,0.7001,0.7845,0.8067,0.7697,0.8480,0.8961,0.8473
29600_anat,0.8756,0.7821,0.7340,0.8786,0.8619,0.8694,0.9300,0.8778
29601_anat,0.8527,0.7707,0.8790,0.8949,0.8869,0.8684,0.9182,0.8667
29602_anat,0.8686,0.7718,0.7038,0.8829,0.8779,0.8683,0.9219,0.8847
29603_anat,0.8519,0.7839,0.7377,0.8912,0.8820,0.8565,0.9421,0.8746
29604_anat,0.8386,0.7531,0.7343,0.8859,0.8803,0.8415,0.9173,0.8761
29605_anat,0.8676,0.7635,0.8594,0.9008,0.8742,0.8845,0.9153,0.8813
29606_anat,0.8453,0.7655,0.8047,0.8558,0.8474,0.8549,0.9403,0.8566
29607_anat,0.8562,0.7686,0.7655,0.8645,0.8688,0.8541,0.9137,0.8769
29608_anat,0.8536,0.7775,0.8788,0.8952,0.8835,0.8773,0.9227,0.8656
29609_anat,0.8445,0.7818,0.7639,0.8672,0.8606,0.8477,0.9032,0.8632
29610_anat,0.8549,0.7760,0.8157,0.8749,0.8508,0.8638,0.8954,0.8732
29611_anat,0.8663,0.7711,0.7260,0.8801,0.8782,0.8530,0.9032,0.8818
29612_anat,0.8385,0.7556,0.7968,0.8768,0.8764,0.8664,0.9232,0.8785
29613_anat,0.8540,0.7725,0.8172,0.9089,0.8592,0.8680,0.9062,0.8751
29614_anat,0.8447,0.7953,0.8357,0.9021,0.8765,0.8636,0.9206,0.8637
29615_anat,0.8446,0.7765,0.7622,0.8580,0.8701,0.8672,0.9109,0.8579
29616_anat,0.8405,0.7489,0.6434,0.8696,0.8847,0.8468,0.9193,0.8811
29617_anat,0.6760,0.6217,0.1144,0.0214,0.0359,0.0227,0.0335,0.0642
29618_anat,0.8656,0.7768,0.8012,0.8977,0.9048,0.8792,0.9089,0.9110
29619_anat,0.8344,0.7611,0.8327,0.8737,0.9075,0.8781,0.9129,0.8754
29620_anat,0.8425,0.7416,0.7155,0.8751,0.8650,0.8438,0.9304,0.8651
29621_anat,0.8078,0.7561,0.6566,0.8764,0.8606,0.8300,0.9141,0.8329
29622_anat,0.8384,0.7758,0.7121,0.8865,0.8810,0.8500,0.9378,0.8474
29623_anat,0.8330,0.7690,0.8618,0.9294,0.9004,0.8788,0.8940,0.8758
29624_anat,0.8393,0.7699,0.7043,0.8805,0.8752,0.8468,0.9114,0.8629
29625_anat,0.8489,0.7615,0.8742,0.8679,0.8911,0.8725,0.9098,0.8770
29626_anat,0.8297,0.7492,0.6707,0.8623,0.8759,0.8254,0.9157,0.8581
29627_anat,0.8577,0.7615,0.8513,0.8714,0.8963,0.8832,0.9174,0.8825
29628_anat,0.8297,0.7423,0.7332,0.9166,0.8550,0.8373,0.9119,0.8589
29629_anat,0.8301,0.7589,0.7490,0.8451,0.8638,0.8544,0.9064,0.8722
29630_anat,0.8286,0.7469,0.8411,0.8766,0.8686,0.8607,0.9120,0.8201
29631_anat,0.8542,0.7682,0.8501,0.8807,0.8862,0.8763,0.9073,0.8694
29632_anat,0.8245,0.7489,0.7927,0.8818,0.8835,0.8627,0.9183,0.8610
29633_anat,0.8369,0.7655,0.6745,0.8804,0.8643,0.8422,0.9116,0.8676
29634_anat,0.8305,0.7711,0.7907,0.8690,0.8711,0.8617,0.9007,0.8631
29635_anat,0.8629,0.7614,0.8082,0.8902,0.8826,0.8732,0.9130,0.8884
29656_anat,0.8749,0.8178,0.8751,0.8837,0.8933,0.8747,0.9413,0.8815
29657_anat,0.8834,0.8266,0.8768,0.8993,0.9156,0.8862,0.9062,0.9137
29658_anat,0.8820,0.8108,0.7973,0.8838,0.8967,0.8645,0.9392,0.8814
29659_anat,0.8772,0.8109,0.8003,0.9031,0.8913,0.8578,0.9155,0.8793
29660_anat,0.8843,0.8201,0.7839,0.8898,0.8881,0.8682,0.9315,0.8848
29661_anat,0.8773,0.7888,0.8174,0.8580,0.8931,0.8745,0.9309,0.8917
29662_anat,0.8682,0.7783,0.9038,0.9006,0.9100,0.8901,0.9052,0.8786
29664_anat,0.8914,0.8143,0.7250,0.8875,0.8999,0.8507,0.9126,0.9102
29665_anat,0.8657,0.8123,0.7993,0.8927,0.8965,0.8546,0.9122,0.8781
29666_anat,0.8978,0.8114,0.7406,0.8938,0.8834,0.8649,0.9321,0.8981
29667_anat,0.8976,0.7812,0.8037,0.8882,0.8786,0.8704,0.9204,0.8955
29668_anat,0.8679,0.7894,0.8472,0.9137,0.8737,0.8507,0.9044,0.8816
29669_anat,0.8787,0.7963,0.8906,0.9173,0.9221,0.8903,0.9019,0.8875
29670_anat,0.8580,0.7886,0.7676,0.8880,0.8961,0.8415,0.8979,0.8615
29671_anat,0.8765,0.7892,0.8821,0.9131,0.9052,0.8726,0.8986,0.8695
29674_anat,0.8705,0.7855,0.8902,0.9114,0.8943,0.8690,0.9450,0.8829
29675_anat,0.8861,0.7974,0.8404,0.9042,0.8856,0.8765,0.9326,0.8866
29676_anat,0.8697,0.7743,0.8172,0.8901,0.8802,0.8536,0.8984,0.8959
29677_anat,0.8780,0.8144,0.8045,0.9014,0.8873,0.8675,0.9292,0.8942
29678_anat,0.8803,0.8144,0.7968,0.8801,0.8980,0.8447,0.9159,0.8914
29679_anat,0.8827,0.8039,0.7676,0.8671,0.8816,0.8475,0.9263,0.8788
29794_anat,0.8789,0.8278,0.7622,0.8591,0.8887,0.8542,0.9169,0.8883
29795_anat,0.8783,0.7854,0.8362,0.8989,0.9069,0.8805,0.9186,0.8851
29796_anat,0.8784,0.8071,0.8597,0.8826,0.8874,0.8716,0.9017,0.8898
29797_anat,0.8869,0.8176,0.8031,0.8645,0.8685,0.8788,0.9281,0.8863
29798_anat,0.8721,0.7961,0.8632,0.8863,0.8816,0.8762,0.9319,0.8656
29799_anat,0.8780,0.7892,0.9066,0.8932,0.9016,0.8874,0.9257,0.8712
29800_anat,0.8939,0.8086,0.9049,0.8703,0.8953,0.9019,0.9554,0.8941
29997_anat,0.8606,0.7825,0.7445,0.8910,0.8844,0.8590,0.9293,0.8886
29998_anat,0.8498,0.7532,0.7292,0.8953,0.8747,0.8617,0.9175,0.8895
29999_anat,0.8507,0.7752,0.7943,0.8811,0.8594,0.8551,0.9066,0.8702
30000_anat,0.8580,0.7442,0.7819,0.8835,0.8503,0.8800,0.9020,0.8801
30001_anat,0.8261,0.7538,0.7108,0.8655,0.8314,0.8340,0.8910,0.8453
30002_anat,0.8363,0.7734,0.7914,0.8625,0.8576,0.8635,0.9275,0.8418
30003_anat,0.8232,0.7667,0.7138,0.8921,0.8706,0.8293,0.9138,0.8582
30004_anat,0.8650,0.7704,0.7100,0.8666,0.8666,0.8597,0.8961,0.8792
30005_anat,0.8283,0.7609,0.7491,0.8930,0.8723,0.8706,0.9090,0.8727
30006_anat,0.8308,0.7554,0.6947,0.8666,0.8677,0.8367,0.9135,0.8457
30007_anat,0.8380,0.7785,0.7673,0.9018,0.8645,0.8401,0.8992,0.8607
30008_anat,0.8293,0.7634,0.6860,0.8716,0.8652,0.8349,0.8909,0.8527
30009_anat,0.8535,0.7593,0.6636,0.8826,0.8756,0.8454,0.9209,0.8791
30010_anat,0.8486,0.7888,0.7408,0.8629,0.8789,0.8678,0.8909,0.8691
30011_anat,0.8346,0.7581,0.8385,0.8930,0.8841,0.8560,0.9150,0.8671
30012_anat,0.8459,0.7724,0.7320,0.8976,0.8521,0.8438,0.9202,0.8759
30013_anat,0.8398,0.7655,0.7160,0.8922,0.8871,0.8588,0.9480,0.8600
30014_anat,0.8111,0.7359,0.7464,0.8932,0.8644,0.8662,0.8959,0.8566
30015_anat,0.8284,0.7452,0.7070,0.9007,0.8847,0.8599,0.8613,0.8531
30016_anat,0.8517,0.7812,0.7664,0.8852,0.8720,0.8602,0.9029,0.8825
30017_anat,0.8203,0.7510,0.6770,0.8574,0.8467,0.8213,0.9000,0.8548
30018_anat,0.8583,0.7764,0.6963,0.8915,0.8750,0.8578,0.9150,0.8789
30019_anat,0.8538,0.7671,0.7486,0.8843,0.8538,0.8542,0.9160,0.8825
30020_anat,0.8303,0.7543,0.7507,0.8588,0.8581,0.8379,0.8972,0.8574
30021_anat,0.8168,0.7522,0.7451,0.8744,0.8384,0.8437,0.9019,0.8597
30022_anat,0.8558,0.7574,0.7324,0.9014,0.8706,0.8502,0.8997,0.8650
30023_anat,0.8443,0.7740,0.6659,0.8698,0.8614,0.8334,0.9117,0.8674
30024_anat,0.8382,0.7600,0.7388,0.8715,0.8464,0.8520,0.9023,0.8620
30026_anat,0.8500,0.7527,0.8098,0.8734,0.8580,0.8639,0.9205,0.8942
30027_anat,0.8272,0.7364,0.7410,0.8727,0.8524,0.8581,0.9083,0.8535
30028_anat,0.8420,0.7557,0.6858,0.8614,0.8520,0.8396,0.9103,0.8743
30029_anat,0.8248,0.7475,0.7400,0.8614,0.8233,0.8265,0.8970,0.8474
30144_anat,0.8778,0.7774,0.8036,0.8758,0.8897,0.8798,0.9378,0.9181
30146_anat,0.8362,0.7436,0.7702,0.8966,0.8975,0.8813,0.8925,0.8859
30147_anat,0.8464,0.7664,0.8605,0.9184,0.8892,0.8912,0.8999,0.8890
30148_anat,0.8440,0.7556,0.7286,0.9203,0.9074,0.8509,0.8436,0.8633
30149_anat,0.8771,0.7923,0.7687,0.9079,0.8950,0.8548,0.9273,0.9039
30150_anat,0.8681,0.7851,0.8662,0.9034,0.8821,0.8643,0.9170,0.8770
30151_anat,0.8579,0.7634,0.8326,0.9359,0.8877,0.8717,0.8821,0.8618
